window,n_families,model,reference,metric,estimate,ci95_lo,ci95_hi
le15,125,year_only,,pairwise_accuracy,0.6560,0.5760,0.7361
le15,125,year_only,,roc_auc,0.6988,0.6090,0.7878
le15,125,year_only,,log_loss,0.6452,0.6179,0.6717
le15,125,pitch_movement,,pairwise_accuracy,0.5520,0.4760,0.6240
le15,125,pitch_movement,,roc_auc,0.6046,0.5033,0.6991
le15,125,pitch_movement,,log_loss,0.6823,0.6377,0.7344
le15,125,year_plus_pitch_movement,,pairwise_accuracy,0.6520,0.5720,0.7280
le15,125,year_plus_pitch_movement,,roc_auc,0.7079,0.6114,0.7926
le15,125,year_plus_pitch_movement,,log_loss,0.6413,0.5643,0.7297
le15,125,combined,,pairwise_accuracy,0.5680,0.4840,0.6440
le15,125,combined,,roc_auc,0.6002,0.4948,0.6933
le15,125,combined,,log_loss,0.7785,0.6661,0.9340
le15,125,year_plus_combined,,pairwise_accuracy,0.6520,0.5680,0.7320
le15,125,year_plus_combined,,roc_auc,0.6918,0.5920,0.7792
le15,125,year_plus_combined,,log_loss,0.8456,0.6146,1.1849
le15,125,compact,,pairwise_accuracy,0.5640,0.4960,0.6280
le15,125,compact,,roc_auc,0.6009,0.5009,0.6908
le15,125,compact,,log_loss,0.7123,0.6474,0.8005
le15,125,year_plus_compact,,pairwise_accuracy,0.6440,0.5600,0.7240
le15,125,year_plus_compact,,roc_auc,0.7070,0.6111,0.7929
le15,125,year_plus_compact,,log_loss,0.6429,0.5729,0.7308
le15,125,pitch_movement,year_only,d_pairwise_accuracy,-0.1040,-0.2200,0.0080
le15,125,pitch_movement,year_only,d_roc_auc,-0.0941,-0.2378,0.0416
le15,125,pitch_movement,year_only,d_log_loss,0.0372,-0.0145,0.0974
le15,125,year_plus_pitch_movement,year_only,d_pairwise_accuracy,-0.0040,-0.0560,0.0440
le15,125,year_plus_pitch_movement,year_only,d_roc_auc,0.0091,-0.0716,0.0793
le15,125,year_plus_pitch_movement,year_only,d_log_loss,-0.0039,-0.0682,0.0741
le15,125,combined,year_only,d_pairwise_accuracy,-0.0880,-0.2001,0.0240
le15,125,combined,year_only,d_roc_auc,-0.0986,-0.2459,0.0344
le15,125,combined,year_only,d_log_loss,0.1333,0.0142,0.2920
le15,125,year_plus_combined,year_only,d_pairwise_accuracy,-0.0040,-0.0640,0.0560
le15,125,year_plus_combined,year_only,d_roc_auc,-0.0069,-0.1015,0.0727
le15,125,year_plus_combined,year_only,d_log_loss,0.2004,-0.0259,0.5350
le15,125,compact,year_only,d_pairwise_accuracy,-0.0920,-0.2040,0.0080
le15,125,compact,year_only,d_roc_auc,-0.0979,-0.2404,0.0325
le15,125,compact,year_only,d_log_loss,0.0671,-0.0046,0.1619
le15,125,year_plus_compact,year_only,d_pairwise_accuracy,-0.0120,-0.0640,0.0320
le15,125,year_plus_compact,year_only,d_roc_auc,0.0083,-0.0780,0.0829
le15,125,year_plus_compact,year_only,d_log_loss,-0.0023,-0.0624,0.0796
le25,168,year_only,,pairwise_accuracy,0.5089,0.4613,0.5565
le25,168,year_only,,roc_auc,0.5036,0.4296,0.5813
le25,168,year_only,,log_loss,0.6975,0.6902,0.7046
le25,168,pitch_movement,,pairwise_accuracy,0.5774,0.5119,0.6458
le25,168,pitch_movement,,roc_auc,0.5847,0.4968,0.6710
le25,168,pitch_movement,,log_loss,0.7350,0.6763,0.8069
le25,168,year_plus_pitch_movement,,pairwise_accuracy,0.6667,0.5893,0.7321
le25,168,year_plus_pitch_movement,,roc_auc,0.6449,0.5599,0.7297
le25,168,year_plus_pitch_movement,,log_loss,0.7282,0.6734,0.7948
le25,168,combined,,pairwise_accuracy,0.5625,0.4970,0.6310
le25,168,combined,,roc_auc,0.5769,0.4910,0.6636
le25,168,combined,,log_loss,0.7980,0.6902,0.9272
le25,168,year_plus_combined,,pairwise_accuracy,0.6845,0.6189,0.7560
le25,168,year_plus_combined,,roc_auc,0.6308,0.5499,0.7188
le25,168,year_plus_combined,,log_loss,0.8080,0.6907,0.9477
le25,168,compact,,pairwise_accuracy,0.5714,0.5030,0.6370
le25,168,compact,,roc_auc,0.6016,0.5122,0.6841
le25,168,compact,,log_loss,0.7170,0.6687,0.7787
le25,168,year_plus_compact,,pairwise_accuracy,0.6220,0.5536,0.6964
le25,168,year_plus_compact,,roc_auc,0.5996,0.5104,0.6822
le25,168,year_plus_compact,,log_loss,0.7172,0.6689,0.7798
le25,168,pitch_movement,year_only,d_pairwise_accuracy,0.0685,-0.0119,0.1488
le25,168,pitch_movement,year_only,d_roc_auc,0.0811,-0.0353,0.1935
le25,168,pitch_movement,year_only,d_log_loss,0.0375,-0.0198,0.1080
le25,168,year_plus_pitch_movement,year_only,d_pairwise_accuracy,0.1577,0.0833,0.2292
le25,168,year_plus_pitch_movement,year_only,d_roc_auc,0.1413,0.0412,0.2346
le25,168,year_plus_pitch_movement,year_only,d_log_loss,0.0307,-0.0237,0.0969
le25,168,combined,year_only,d_pairwise_accuracy,0.0536,-0.0298,0.1399
le25,168,combined,year_only,d_roc_auc,0.0732,-0.0454,0.1898
le25,168,combined,year_only,d_log_loss,0.1005,-0.0065,0.2308
le25,168,year_plus_combined,year_only,d_pairwise_accuracy,0.1756,0.0982,0.2500
le25,168,year_plus_combined,year_only,d_roc_auc,0.1272,0.0217,0.2259
le25,168,year_plus_combined,year_only,d_log_loss,0.1105,-0.0061,0.2489
le25,168,compact,year_only,d_pairwise_accuracy,0.0625,-0.0268,0.1458
le25,168,compact,year_only,d_roc_auc,0.0979,-0.0279,0.2143
le25,168,compact,year_only,d_log_loss,0.0195,-0.0296,0.0814
le25,168,year_plus_compact,year_only,d_pairwise_accuracy,0.1131,0.0357,0.1905
le25,168,year_plus_compact,year_only,d_roc_auc,0.0959,-0.0133,0.2011
le25,168,year_plus_compact,year_only,d_log_loss,0.0197,-0.0284,0.0823
le50,231,year_only,,pairwise_accuracy,0.4719,0.4156,0.5303
le50,231,year_only,,roc_auc,0.4798,0.4072,0.5561
le50,231,year_only,,log_loss,0.6952,0.6867,0.7037
le50,231,pitch_movement,,pairwise_accuracy,0.5952,0.5346,0.6516
le50,231,pitch_movement,,roc_auc,0.6251,0.5511,0.6936
le50,231,pitch_movement,,log_loss,0.6855,0.6566,0.7179
le50,231,year_plus_pitch_movement,,pairwise_accuracy,0.5303,0.4654,0.5952
le50,231,year_plus_pitch_movement,,roc_auc,0.5825,0.5080,0.6544
le50,231,year_plus_pitch_movement,,log_loss,0.6908,0.6608,0.7251
le50,231,combined,,pairwise_accuracy,0.5801,0.5216,0.6385
le50,231,combined,,roc_auc,0.6232,0.5503,0.6911
le50,231,combined,,log_loss,0.6837,0.6515,0.7201
le50,231,year_plus_combined,,pairwise_accuracy,0.5173,0.4545,0.5823
le50,231,year_plus_combined,,roc_auc,0.5915,0.5146,0.6628
le50,231,year_plus_combined,,log_loss,0.6932,0.6550,0.7385
le50,231,compact,,pairwise_accuracy,0.5823,0.5195,0.6407
le50,231,compact,,roc_auc,0.6360,0.5592,0.7068
le50,231,compact,,log_loss,0.6807,0.6486,0.7168
le50,231,year_plus_compact,,pairwise_accuracy,0.5390,0.4740,0.6017
le50,231,year_plus_compact,,roc_auc,0.6239,0.5458,0.6928
le50,231,year_plus_compact,,log_loss,0.6824,0.6512,0.7172
le50,231,pitch_movement,year_only,d_pairwise_accuracy,0.1234,0.0433,0.2013
le50,231,pitch_movement,year_only,d_roc_auc,0.1453,0.0475,0.2388
le50,231,pitch_movement,year_only,d_log_loss,-0.0097,-0.0399,0.0235
le50,231,year_plus_pitch_movement,year_only,d_pairwise_accuracy,0.0584,-0.0130,0.1256
le50,231,year_plus_pitch_movement,year_only,d_roc_auc,0.1027,0.0206,0.1851
le50,231,year_plus_pitch_movement,year_only,d_log_loss,-0.0043,-0.0340,0.0297
le50,231,combined,year_only,d_pairwise_accuracy,0.1082,0.0302,0.1818
le50,231,combined,year_only,d_roc_auc,0.1433,0.0442,0.2400
le50,231,combined,year_only,d_log_loss,-0.0114,-0.0440,0.0255
le50,231,year_plus_combined,year_only,d_pairwise_accuracy,0.0455,-0.0303,0.1191
le50,231,year_plus_combined,year_only,d_roc_auc,0.1117,0.0175,0.2028
le50,231,year_plus_combined,year_only,d_log_loss,-0.0020,-0.0410,0.0431
le50,231,compact,year_only,d_pairwise_accuracy,0.1104,0.0260,0.1905
le50,231,compact,year_only,d_roc_auc,0.1562,0.0476,0.2548
le50,231,compact,year_only,d_log_loss,-0.0145,-0.0481,0.0224
le50,231,year_plus_compact,year_only,d_pairwise_accuracy,0.0671,-0.0065,0.1407
le50,231,year_plus_compact,year_only,d_roc_auc,0.1441,0.0510,0.2327
le50,231,year_plus_compact,year_only,d_log_loss,-0.0128,-0.0429,0.0207
le75,323,year_only,,pairwise_accuracy,0.5542,0.5000,0.6084
le75,323,year_only,,roc_auc,0.5523,0.4891,0.6183
le75,323,year_only,,log_loss,0.6885,0.6799,0.6967
le75,323,pitch_movement,,pairwise_accuracy,0.6455,0.5959,0.6951
le75,323,pitch_movement,,roc_auc,0.6992,0.6407,0.7558
le75,323,pitch_movement,,log_loss,0.6552,0.6172,0.6944
le75,323,year_plus_pitch_movement,,pairwise_accuracy,0.6563,0.6068,0.7059
le75,323,year_plus_pitch_movement,,roc_auc,0.7030,0.6466,0.7585
le75,323,year_plus_pitch_movement,,log_loss,0.6508,0.6122,0.6925
le75,323,combined,,pairwise_accuracy,0.6300,0.5789,0.6811
le75,323,combined,,roc_auc,0.6886,0.6299,0.7462
le75,323,combined,,log_loss,0.6688,0.6406,0.6998
le75,323,year_plus_combined,,pairwise_accuracy,0.6780,0.6254,0.7307
le75,323,year_plus_combined,,roc_auc,0.7030,0.6458,0.7613
le75,323,year_plus_combined,,log_loss,0.6539,0.6317,0.6759
le75,323,compact,,pairwise_accuracy,0.6316,0.5820,0.6811
le75,323,compact,,roc_auc,0.6682,0.6107,0.7265
le75,323,compact,,log_loss,0.6653,0.6442,0.6865
le75,323,year_plus_compact,,pairwise_accuracy,0.6610,0.6130,0.7167
le75,323,year_plus_compact,,roc_auc,0.6713,0.6109,0.7327
le75,323,year_plus_compact,,log_loss,0.6701,0.6485,0.6915
le75,323,pitch_movement,year_only,d_pairwise_accuracy,0.0913,0.0185,0.1687
le75,323,pitch_movement,year_only,d_roc_auc,0.1469,0.0574,0.2353
le75,323,pitch_movement,year_only,d_log_loss,-0.0334,-0.0707,0.0073
le75,323,year_plus_pitch_movement,year_only,d_pairwise_accuracy,0.1022,0.0464,0.1625
le75,323,year_plus_pitch_movement,year_only,d_roc_auc,0.1507,0.0780,0.2216
le75,323,year_plus_pitch_movement,year_only,d_log_loss,-0.0377,-0.0738,0.0026
le75,323,combined,year_only,d_pairwise_accuracy,0.0759,0.0015,0.1548
le75,323,combined,year_only,d_roc_auc,0.1363,0.0498,0.2255
le75,323,combined,year_only,d_log_loss,-0.0197,-0.0485,0.0117
le75,323,year_plus_combined,year_only,d_pairwise_accuracy,0.1238,0.0634,0.1858
le75,323,year_plus_combined,year_only,d_roc_auc,0.1507,0.0764,0.2234
le75,323,year_plus_combined,year_only,d_log_loss,-0.0346,-0.0568,-0.0127
le75,323,compact,year_only,d_pairwise_accuracy,0.0774,0.0093,0.1502
le75,323,compact,year_only,d_roc_auc,0.1159,0.0312,0.2015
le75,323,compact,year_only,d_log_loss,-0.0232,-0.0454,-0.0008
le75,323,year_plus_compact,year_only,d_pairwise_accuracy,0.1068,0.0480,0.1672
le75,323,year_plus_compact,year_only,d_roc_auc,0.1190,0.0472,0.1896
le75,323,year_plus_compact,year_only,d_log_loss,-0.0185,-0.0388,0.0017
le100,348,year_only,,pairwise_accuracy,0.5517,0.5014,0.6049
le100,348,year_only,,roc_auc,0.5536,0.4934,0.6149
le100,348,year_only,,log_loss,0.6898,0.6819,0.6977
le100,348,pitch_movement,,pairwise_accuracy,0.6624,0.6164,0.7098
le100,348,pitch_movement,,roc_auc,0.7154,0.6614,0.7701
le100,348,pitch_movement,,log_loss,0.6615,0.6269,0.6991
le100,348,year_plus_pitch_movement,,pairwise_accuracy,0.6868,0.6379,0.7356
le100,348,year_plus_pitch_movement,,roc_auc,0.7180,0.6645,0.7725
le100,348,year_plus_pitch_movement,,log_loss,0.6559,0.6204,0.6943
le100,348,combined,,pairwise_accuracy,0.6695,0.6221,0.7155
le100,348,combined,,roc_auc,0.7086,0.6537,0.7612
le100,348,combined,,log_loss,0.6617,0.6349,0.6921
le100,348,year_plus_combined,,pairwise_accuracy,0.6753,0.6264,0.7241
le100,348,year_plus_combined,,roc_auc,0.7016,0.6472,0.7556
le100,348,year_plus_combined,,log_loss,0.6578,0.6279,0.6932
le100,348,compact,,pairwise_accuracy,0.6466,0.5991,0.6940
le100,348,compact,,roc_auc,0.6978,0.6411,0.7500
le100,348,compact,,log_loss,0.6580,0.6397,0.6781
le100,348,year_plus_compact,,pairwise_accuracy,0.6796,0.6293,0.7270
le100,348,year_plus_compact,,roc_auc,0.6977,0.6413,0.7510
le100,348,year_plus_compact,,log_loss,0.6587,0.6403,0.6791
le100,348,pitch_movement,year_only,d_pairwise_accuracy,0.1106,0.0417,0.1796
le100,348,pitch_movement,year_only,d_roc_auc,0.1618,0.0800,0.2450
le100,348,pitch_movement,year_only,d_log_loss,-0.0283,-0.0632,0.0097
le100,348,year_plus_pitch_movement,year_only,d_pairwise_accuracy,0.1351,0.0718,0.1954
le100,348,year_plus_pitch_movement,year_only,d_roc_auc,0.1644,0.0930,0.2356
le100,348,year_plus_pitch_movement,year_only,d_log_loss,-0.0339,-0.0676,0.0034
le100,348,combined,year_only,d_pairwise_accuracy,0.1178,0.0460,0.1882
le100,348,combined,year_only,d_roc_auc,0.1550,0.0747,0.2344
le100,348,combined,year_only,d_log_loss,-0.0281,-0.0563,0.0018
le100,348,year_plus_combined,year_only,d_pairwise_accuracy,0.1236,0.0632,0.1853
le100,348,year_plus_combined,year_only,d_roc_auc,0.1480,0.0764,0.2181
le100,348,year_plus_combined,year_only,d_log_loss,-0.0320,-0.0609,0.0014
le100,348,compact,year_only,d_pairwise_accuracy,0.0948,0.0259,0.1638
le100,348,compact,year_only,d_roc_auc,0.1443,0.0647,0.2223
le100,348,compact,year_only,d_log_loss,-0.0317,-0.0506,-0.0119
le100,348,year_plus_compact,year_only,d_pairwise_accuracy,0.1279,0.0675,0.1883
le100,348,year_plus_compact,year_only,d_roc_auc,0.1441,0.0739,0.2141
le100,348,year_plus_compact,year_only,d_log_loss,-0.0311,-0.0490,-0.0115
unrestricted,433,year_only,,pairwise_accuracy,0.5889,0.5450,0.6339
unrestricted,433,year_only,,roc_auc,0.6221,0.5691,0.6736
unrestricted,433,year_only,,log_loss,0.6725,0.6605,0.6839
unrestricted,433,pitch_movement,,pairwise_accuracy,0.6594,0.6166,0.7009
unrestricted,433,pitch_movement,,roc_auc,0.7164,0.6663,0.7628
unrestricted,433,pitch_movement,,log_loss,0.6465,0.6101,0.6888
unrestricted,433,year_plus_pitch_movement,,pairwise_accuracy,0.6952,0.6513,0.7367
unrestricted,433,year_plus_pitch_movement,,roc_auc,0.7220,0.6732,0.7668
unrestricted,433,year_plus_pitch_movement,,log_loss,0.6355,0.5951,0.6809
unrestricted,433,combined,,pairwise_accuracy,0.6582,0.6155,0.7032
unrestricted,433,combined,,roc_auc,0.7239,0.6753,0.7711
unrestricted,433,combined,,log_loss,0.6395,0.6068,0.6761
unrestricted,433,year_plus_combined,,pairwise_accuracy,0.7090,0.6674,0.7483
unrestricted,433,year_plus_combined,,roc_auc,0.7392,0.6905,0.7840
unrestricted,433,year_plus_combined,,log_loss,0.6260,0.5868,0.6688
unrestricted,433,compact,,pairwise_accuracy,0.6605,0.6178,0.7032
unrestricted,433,compact,,roc_auc,0.7180,0.6685,0.7650
unrestricted,433,compact,,log_loss,0.6373,0.6113,0.6645
unrestricted,433,year_plus_compact,,pairwise_accuracy,0.6917,0.6478,0.7356
unrestricted,433,year_plus_compact,,roc_auc,0.7257,0.6753,0.7718
unrestricted,433,year_plus_compact,,log_loss,0.6358,0.6057,0.6683
unrestricted,433,pitch_movement,year_only,d_pairwise_accuracy,0.0704,0.0104,0.1282
unrestricted,433,pitch_movement,year_only,d_roc_auc,0.0943,0.0268,0.1610
unrestricted,433,pitch_movement,year_only,d_log_loss,-0.0260,-0.0631,0.0163
unrestricted,433,year_plus_pitch_movement,year_only,d_pairwise_accuracy,0.1062,0.0554,0.1536
unrestricted,433,year_plus_pitch_movement,year_only,d_roc_auc,0.0999,0.0513,0.1501
unrestricted,433,year_plus_pitch_movement,year_only,d_log_loss,-0.0370,-0.0732,0.0056
unrestricted,433,combined,year_only,d_pairwise_accuracy,0.0693,0.0046,0.1316
unrestricted,433,combined,year_only,d_roc_auc,0.1018,0.0307,0.1717
unrestricted,433,combined,year_only,d_log_loss,-0.0331,-0.0670,0.0055
unrestricted,433,year_plus_combined,year_only,d_pairwise_accuracy,0.1201,0.0693,0.1709
unrestricted,433,year_plus_combined,year_only,d_roc_auc,0.1171,0.0630,0.1720
unrestricted,433,year_plus_combined,year_only,d_log_loss,-0.0465,-0.0817,-0.0061
unrestricted,433,compact,year_only,d_pairwise_accuracy,0.0716,0.0115,0.1316
unrestricted,433,compact,year_only,d_roc_auc,0.0960,0.0264,0.1640
unrestricted,433,compact,year_only,d_log_loss,-0.0352,-0.0621,-0.0068
unrestricted,433,year_plus_compact,year_only,d_pairwise_accuracy,0.1028,0.0508,0.1524
unrestricted,433,year_plus_compact,year_only,d_roc_auc,0.1036,0.0510,0.1583
unrestricted,433,year_plus_compact,year_only,d_log_loss,-0.0367,-0.0625,-0.0065
